set foreign_key_checks = 0;

delete from cidade;
delete from cozinha;
delete from estado;
delete from forma_pagamento;
delete from produto;
delete from restaurante;
delete from restaurante_forma_pagamento;

set foreign_key_checks = 1;

alter table cidade auto_increment = 1;
alter table cozinha auto_increment = 1;
alter table estado auto_increment = 1;
alter table forma_pagamento auto_increment = 1;
alter table produto auto_increment = 1;
alter table restaurante auto_increment = 1;

insert into cozinha (id, nome) values (1, 'Tailandesa');
insert into cozinha (id, nome) values (2, 'Indiana');
insert into cozinha (id, nome) values (3, 'Argentina');
insert into cozinha (id, nome) values (4, 'Brasileira');

insert into estado (id, nome) values (1, 'Minas Gerais');
insert into estado (id, nome) values (2, 'São Paulo');
insert into estado (id, nome) values (3, 'Ceará');

insert into cidade (id, nome, estado_id) values (1, 'Uberlândia', 1);
insert into cidade (id, nome, estado_id) values (2, 'Belo Horizonte', 1);
insert into cidade (id, nome, estado_id) values (3, 'São Paulo', 2);
insert into cidade (id, nome, estado_id) values (4, 'Campinas', 2);
insert into cidade (id, nome, estado_id) values (5, 'Fortaleza', 3);

insert into restaurante (id, nome, taxa_frete, cozinha_id, data_cadastro, data_atualizacao, endereco_cidade_id, endereco_cep, endereco_logradouro, endereco_numero, endereco_bairro) values (1, 'Thai Gourmet', 10, 1, utc_timestamp, utc_timestamp, 1, '38400-999', 'Rua João Pinheiro', '1000', 'Centro');
insert into restaurante (id, nome, taxa_frete, cozinha_id, data_cadastro, data_atualizacao) values (2, 'Thai Delivery', 9.50, 1, utc_timestamp, utc_timestamp);
insert into restaurante (id, nome, taxa_frete, cozinha_id, data_cadastro, data_atualizacao) values (3, 'Tuk Tuk Comida Indiana', 15, 2, utc_timestamp, utc_timestamp);
insert into restaurante (id, nome, taxa_frete, cozinha_id, data_cadastro, data_atualizacao) values (4, 'Java Steakhouse', 12, 3, utc_timestamp, utc_timestamp);
insert into restaurante (id, nome, taxa_frete, cozinha_id, data_cadastro, data_atualizacao) values (5, 'Lanchonete do Tio Sam', 11, 4, utc_timestamp, utc_timestamp);
insert into restaurante (id, nome, taxa_frete, cozinha_id, data_cadastro, data_atualizacao) values (6, 'Bar da Maria', 6, 4, utc_timestamp, utc_timestamp);

insert into forma_pagamento (id, descricao) values (1, 'Cartão de crédito');
insert into forma_pagamento (id, descricao) values (2, 'Cartão de débito');
insert into forma_pagamento (id, descricao) values (3, 'Dinheiro');
